RI ID,Name ,Contact Number,Occupation,Company Name / College Name ,Blood Group,Mail Id ,Date of Birth,Address ,Food Type,Professional Photo ( Drive Link ) - With Access
12165097,Rtr.Hariharan ,6369798451,Student,"SNS College of Technology, Coimbatore ",O+ve,svai4680@gmail.com,30/11/2005,"3A/3 Chandramani Nagar , SRKV Post , Coimbatore 641020.",Non-Veg,https://drive.google.com/file/d/18UP1yLM73nkcorks0BRnUz3Dv196y37P/view?usp=drive_link 
12121892,Rtr.Manishashree,7338999807,PG student,Karpagam academy of higher education ,O+ve,rtr.manishashrees@gmail.com,26/05/2004,"319/9A. Indian Bank colony, pachapalayam, perur, coimbatore 641010",Non-Veg,
12630483,Rtr.Tamilselvan,9345872409,Student ,Karpagam Academy of Higher Education,B+ve,tamilselvan147369@gmail.com,19/04/2006,"NEW-2/1 L AMMANI AMMAL COLONY KURICHI, COIMBATORE 641024 .",Non-Veg,https://drive.google.com/file/d/1TgJ63LWMCVhKtMg-fwP_y9pR3otgOdAT/view?usp=drivesdk
12379198,Rtr.Prasanna,8122800270,HR Trainee,"Rnd Soft Tech pvt Ltd,  Coimbatore",B+ve,prasannaofflz@gmail.com,02/10/2003,"24/68 , Janguwar Lane, RG street, coimbatore-641001",Non-Veg,https://drive.google.com/file/d/1gpoeGuKqUgHORXMjCgRxEPMtVeZKib9Z/view?usp=drivesdk
12399315,Rtr.SujayKrishna,8148738916,Student,"SNS College of Technology, Coimbatore ",B+ve,rtr.sujaykrishna.rp@gmail.com,14/10/2005,"11-3/45, Vasavi Colony, Near Govt Hospital, Aundipatty, Theni District - 625512",Non-Veg,https://drive.google.com/file/d/1z8rqzmsG31CwNX4P3M8v_fsLJgP3oSkE/view?usp=drivesdk
11794585,Rtr.IPP.Harsith,7502797780,AI Annotation,CNTXT AI,0+ve,rtr.harsith7@gmail.com,09/04/2003,"3/238 Trichy road, Karanampettai",Veg,https://drive.google.com/file/d/1qllzBdw1CE-LZtseIiTAmqvuXHqw1DNh/view?usp=sharing
10261107,Rtr.PP.Antony Revanth,9789796427,Teaching - in and through sports ,Soccer Coach - SSVM Ruh & Tamilnadu Electricity Board,B+Ve,rtr.antonyrevanth@gmail.com,28/06/1995,"39, Sri Ram Avenue Ashoker Street Opp Cannara Bank Vellalore - 641111",Non-Veg,https://drive.google.com/file/d/1vb51b_ouyNn_8-O5lr5ZWHT6BRGtp-09/view?usp=drivesdk
11938470,Rtr.PP.Gokul,9751443066,Technical Trainer,Freelancing,O+ve,rtrgokul12@gmail.com,12/06/2005,"3/55 Marriamman kovil street, Perumanallur, Tiruppur - 641 666",Non-Veg,https://drive.google.com/open?id=1CXIoa6ZYwDk1akw6Oi6DU13GZjdc04UH&usp=drive_fs
12681652,Rtr.Vigneshwaran ,9042371673,Student ,Dr.N.G.P. Institute of Technology ,O+ve,vigneshwarachakravarthy@gmail.com ,16/05/2006,"3/55, Marriamman Kovil Street, perumanallur, Tiruppur -641666",Non-Veg,https://drive.google.com/file/d/1RoHaQjBNAqqQlbXABoqrLbSveOR155JO/view?usp=drivesdk
12394606,Rtr.Palak,9597966566,Student,"SNS College of Technology, Coimbatore ",A1 +ve,rtrpalakm@gmail.com,31/01/2005,"6, Mahaveer colony, sabapathi puram, Tiruppur - 641601",Veg,https://drive.google.com/file/d/1huTQsdNbjQxS_MaHOIUc2gdAGynb1xzv/view?usp=sharing
12394623,Rtr.Prajwel,9894239386,Student,"SNS College Of Technology , Coimbatore ",O+Ve,rtr.prajwel.lp@gmail.com,15.03.2006,"85, PKD Nagar, 2 nd Street, Peelamedu, Coimbatore 641004",Non-Veg,https://drive.google.com/drive/folders/1HJ9vRhArH98F6nQPdhaMStqWHsXotQRW
12360199,Rtr.Shanthosh,6374810148,Student,Karpagam Academy of Higher Education ,o-ve,shanthosh2806@gmail.com,28/06/2005,"LIG 1 740 New No 321 , gandhima nagar , peelamedu, coimbatore - 641004",Non-Veg,https://drive.google.com/file/d/1uhn42orM1B1e3bAAY2xxcp7z-V6cU2Ta/view?usp=drivesdk
12643885,Rtr.Yamuna,6382039947,Student ,"SNS College Of Technology , Coimbatore ",B+ve,yamuna.rgs27@gmail.com,27/06/2007,"13/5 voc nagar (west),Near VPK Mahal,Kovil medu,Velandipalayam (post ),Coimbatore,Pincode: 641025.",Non-Veg,https://drive.google.com/file/d/1R_6sNbuHqoB-9C2a5eIVlREpfGBJEnOf/view?usp=drivesdk
12643884,Rtr.Tharani,8144447423,Student ,"SNS College Of Technology , Coimbatore ",O+ve,cm.tharani23@gmail.com,23/10/2006,"8/17 4th Street, Sakthi Nagar, Press colony post, Coimbatore -19",Non-Veg,https://drive.google.com/file/d/1XgOPIExT042td50hGMfzFqx6Dlwkuidw/view?usp=drivesdk
12643883,Rtr.Sajai,9600322412,Student,"SNS College of Technology, Coimbatore ",O +ve,jayanthilohita@gmail.com,10/12/2003,"A 16/1, Sri Rajnarayana Garden, Pricol Back Side, SRKV POST, Perianaickenpalayam, Coimbatore - 641020",Veg,https://drive.google.com/file/d/1O-uPNOa56xLjOB1WcpZwwgNHYF2e3HzE/view?usp=drivesdk
,Rtr.Siva Arasu,6369330216,Student,"SNS College of Technology, Coimbatore ",B -ve,dmsivaarasu51@gmail.com,19/02/2004,"D.no:183,6 th floor, C1 block,housing unit, koundapalayam",Non-Veg,https://drive.google.com/file/d/1DCFGUkvhih7EQvNEXXEOypvOGhVN9BSm/view?usp=drivesdk
,Rtr.Lokivishnu,8610182852,Student,Karpagam Academy of Higher Education ,O+ve,e.lokvishnu19@gmail.com,19/04/2007,"Malumichampatti, Coimbatore ",Non-Veg,https://drive.google.com/file/d/1rRHQykigF8WoE27wumXYSi6o26p_LN3D/view?usp=drivesdk
12654907,Rtr.Abiram Eswar,7358118309,Student,Dr. GRD College of Arts and Science,O+ve,rtrabiram.kumaran@gmail.com,11/07/2007,"7,NGGO colony 2nd street, Surampaty road, Erode - 638009",Non-Veg,https://drive.google.com/drive/folders/1TzoCPHUga-9IcWu9J1jdXQuMLXpNksjx?usp=sharing
12660063,Rtr.Sanjey JJ,9994319405,Student,Karpagam Academy of Higher Education,0 +ve,sanjeyjayaseelan@gmail.com,17/10/2005,"214, Master Colony, Achipatti, Pollachi, Coimbatore",Non-Veg,https://drive.google.com/file/d/1WpHTPs3J6LnsixlPa9SluUJMdzkUl2tK/view?usp=sharing
12633006,Rtr.Sivasakthi,9345863363,Aerospace Engineer ,"GDJetCat, UMS technologies, Anna silai, Coimbatore.",O+ve,rtr.sivasakthiselvam@gmail.com,15/11/2004,"No.11-C, 3rd Floor, Nethaji Nagar, Saravanampatti, Coimbatore - 641035.",Non-Veg,https://drive.google.com/drive/folders/1Dh9ohKLKUyElG-JxLZZwY8OQ9rCvmOyp?usp=sharing 
12454461,Rtr.Sujanapriya,6379604841,Student,"SNS College Of Technology , Coimbatore ",B+ve,sujanapriya1221@gmail.com,21/11/2005,"21/1,PSG estate colony , Peelamedu Coimbatore -641004",Non veg,https://drive.google.com/file/d/1yCLthzD9tqqqRjrrGSNrm6_sd9N88nml/view?usp=drivesdk
12660066,Rtr.Santhosh Kumar A ,9385848928,Student ,Karpagam Academy of Higher Education ,O+ve,sandyayyappan@gmail.com,30/08/2005,"17, Arul Jothi nagar , MS Nagar , Tiruppur -641607",Non-Veg,https://drive.google.com/file/d/1t7nm_F34BgMC8wGK-oQUOv3hLaWIreSz/view?usp=drivesdk
12166533,Rtr. Nagaraj,9894019866,Student,Kathir College Of Engineering,B+ve,manivasgam15@gmail.com,02/06/2006,"3/2 Mk thenvadal street,Telungupalayam,Coimbatore-641039",Non-Veg,https://drive.google.com/file/d/1dZRXk0QgAaaW4QjqUmA1lMVnFmCLR6d4/view?usp=drivesdk
12485481,Rtr.Mukunthan,9942236987,Business ,Launchory ,A+ve,Rtrmukunthan@gmail.com,27/12/1999,14 Jai Nagar Koundampalayam Coimbatore 61030 ,Non Veg,
12679555,Rtr. Guruprasath S,8754128158,Assistant Professor,Karpagam Academy of Higher Education ,B+ve,guruprasathjp15@gmail.com,28/09/2000,"2/652, Thiruvalluvar Nagar, Vadugapalayam, Palladam, Tiruppur - 641664",Veg,https://drive.google.com/file/d/1neuJfDyUyRAn8gxRVlFQsCMx11NAg0PB/view?usp=drivesdk
12699482,Rtr.Yoganila SR,7200010226,                                                        Student,"SNS College of Technology, Coimbatore",A+ve,yoganilasr786@gmail.com,03/06/2007,"21, Chinna Pillukuruchi, Poolampatty PO, Edappadi (TK), Salem - 637107",Non-veg,https://drive.google.com/file/d/1nwqnB1EDtJV25xE6Q5MGdE27mlPYg-d-/view?usp=drivesdk
12699611,Rtr.Varun Adithyaa,6382663392,Student,SNS College of Technology ,A1+ve,rtrvarunadithyaa@gmail.com,05/10/2006,"44-A, Type-1,Quaters,Block-5,Neyveli-607803, Cuddalore (dist)",veg,
12735064,Rtr.Saparna K,6381454053,Student ,Sri Krishna College of Engineering and Technology Coimbatore ,O+ve,saparna582004@gmail.com,05/08/2004,"338/3,Roja Garden, Sunnambu Odai, B.P.Agraharam, Erode ",Non-Veg,https://drive.google.com/file/d/10I9u56PIJrBcziE7rucOtGllbh7QSOAj/view?usp=drive_link
12735061,Rtr.Sibiya E,9363027052,Student,Dr.N.G.P. Institute of Technology,A1+ve,sibiyaeswaran@gmail.com,29/09/2004,"Thaai motors,33 pannani nagar,palayappalayam,perundurai road,Erode-638012",Non-veg,https://drive.google.com/file/d/1utG8yunTaoQhXD2HS-DRBqHdke37OU3R/view?usp=drive_link